﻿<?xml version="1.0" encoding="utf-8"?>
<doc>
  <assembly>
    <name>System.Runtime.Serialization.Primitives</name>
  </assembly>
  <members>
    <member name="T:System.Runtime.Serialization.CollectionDataContractAttribute">
      <summary>Ermöglich bei Anwendung auf einen Auflistungstyp die benutzerdefinierte Angabe der Auflistungselemente.Dieses Attribut kann nur auf Typen angewendet werden, die vom <see cref="T:System.Runtime.Serialization.DataContractSerializer" /> als gültige, serialisierbare Auflistungen erkannt werden.</summary>
    </member>
    <member name="M:System.Runtime.Serialization.CollectionDataContractAttribute.#ctor">
      <summary>Initialisiert eine neue Instanz der <see cref="T:System.Runtime.Serialization.CollectionDataContractAttribute" />-Klasse. </summary>
    </member>
    <member name="P:System.Runtime.Serialization.CollectionDataContractAttribute.IsItemNameSetExplicitly"></member>
    <member name="P:System.Runtime.Serialization.CollectionDataContractAttribute.IsKeyNameSetExplicitly"></member>
    <member name="P:System.Runtime.Serialization.CollectionDataContractAttribute.IsNameSetExplicitly"></member>
    <member name="P:System.Runtime.Serialization.CollectionDataContractAttribute.IsNamespaceSetExplicitly"></member>
    <member name="P:System.Runtime.Serialization.CollectionDataContractAttribute.IsReference">
      <summary>Ruft einen Wert ab oder legt einen Wert fest, der angibt, ob Objektverweisdaten beizubehalten sind.</summary>
      <returns>true, um Objektverweisdaten zu behalten; andernfalls false.Die Standardeinstellung ist false.</returns>
    </member>
    <member name="P:System.Runtime.Serialization.CollectionDataContractAttribute.IsReferenceSetExplicitly"></member>
    <member name="P:System.Runtime.Serialization.CollectionDataContractAttribute.IsValueNameSetExplicitly"></member>
    <member name="P:System.Runtime.Serialization.CollectionDataContractAttribute.ItemName">
      <summary>Ruft einen benutzerdefinierten Namen für ein Auflistungselement ab oder legt ihn fest.</summary>
      <returns>Der auf die Auflistungselemente anzuwendende Name.</returns>
    </member>
    <member name="P:System.Runtime.Serialization.CollectionDataContractAttribute.KeyName">
      <summary>Ruft den benutzerdefinierten Namen für einen Wörterbuchschlüsselnamen ab oder legt ihn fest.</summary>
      <returns>Der anstelle des standardmäßigen Wörterbuchschlüsselnamens zu verwendende Name.</returns>
    </member>
    <member name="P:System.Runtime.Serialization.CollectionDataContractAttribute.Name">
      <summary>Ruft den Namen des Datenvertrags für den Auflistungstyp ab oder legt ihn fest.</summary>
      <returns>Der Name des Datenvertrags für den Auflistungstyp.</returns>
    </member>
    <member name="P:System.Runtime.Serialization.CollectionDataContractAttribute.Namespace">
      <summary>Ruft den Namespace für den Datenvertrag ab oder legt ihn fest.</summary>
      <returns>Der Namespace des Datenvertrags.</returns>
    </member>
    <member name="P:System.Runtime.Serialization.CollectionDataContractAttribute.ValueName">
      <summary>Ruft den benutzerdefinierten Namen für einen Wörterbuchwertnamen ab oder legt ihn fest.</summary>
      <returns>Der anstelle des standardmäßigen Wörterbuchwertnamens zu verwendende Name.</returns>
    </member>
    <member name="T:System.Runtime.Serialization.ContractNamespaceAttribute">
      <summary>Gibt den CLR-Namespace und den XML-Namespace des Datenvertrags an. </summary>
    </member>
    <member name="M:System.Runtime.Serialization.ContractNamespaceAttribute.#ctor(System.String)">
      <summary>Initialisiert eine neue Instanz der <see cref="T:System.Runtime.Serialization.ContractNamespaceAttribute" />-Klasse über den angegebenen Namespace. </summary>
      <param name="contractNamespace">Der Namespace des Vertrags.</param>
    </member>
    <member name="P:System.Runtime.Serialization.ContractNamespaceAttribute.ClrNamespace">
      <summary>Ruft den CLR-Namespace des Datenvertragstyps ab oder legt ihn fest. </summary>
      <returns>Der gültige CLR-Namespace eines Typs.</returns>
    </member>
    <member name="P:System.Runtime.Serialization.ContractNamespaceAttribute.ContractNamespace">
      <summary>Ruft den Namespace der Datenvertragsmember ab.</summary>
      <returns>Der Namespace der Datenvertragsmember.</returns>
    </member>
    <member name="T:System.Runtime.Serialization.DataContractAttribute">
      <summary>Gibt an, dass der Typ einen Datenvertrag definiert oder implementiert und mit einem Serialisierer wie dem <see cref="T:System.Runtime.Serialization.DataContractSerializer" /> serialisierbar ist.Um ihren Typ serialisierbar zu machen, müssen die Autoren hierfür einen Datenvertrag definieren.</summary>
    </member>
    <member name="M:System.Runtime.Serialization.DataContractAttribute.#ctor">
      <summary>Initialisiert eine neue Instanz der <see cref="T:System.Runtime.Serialization.DataContractAttribute" />-Klasse. </summary>
    </member>
    <member name="P:System.Runtime.Serialization.DataContractAttribute.IsNameSetExplicitly"></member>
    <member name="P:System.Runtime.Serialization.DataContractAttribute.IsNamespaceSetExplicitly"></member>
    <member name="P:System.Runtime.Serialization.DataContractAttribute.IsReference">
      <summary>Ruft einen Wert ab oder legt einen Wert fest, der angibt, ob Objektverweisdaten beizubehalten sind.</summary>
      <returns>true, um Objektverweisdaten mit Standard-XML zu behalten; andernfalls false.Die Standardeinstellung ist false.</returns>
    </member>
    <member name="P:System.Runtime.Serialization.DataContractAttribute.IsReferenceSetExplicitly"></member>
    <member name="P:System.Runtime.Serialization.DataContractAttribute.Name">
      <summary>Ruft den Namen des Datenvertrags für den Typ ab oder legt ihn fest.</summary>
      <returns>Der lokale Name des Datenvertrags.Der Standardwert ist der Name der Klasse, auf den das Attribut angewendet wird.</returns>
    </member>
    <member name="P:System.Runtime.Serialization.DataContractAttribute.Namespace">
      <summary>Ruft den Namespace des Datenvertrags für den Typ ab oder legt ihn fest.</summary>
      <returns>Der Namespace des Vertrags. </returns>
    </member>
    <member name="T:System.Runtime.Serialization.DataMemberAttribute">
      <summary>Gibt bei Anwendung auf den Member eines Typs an, dass der Member Teil eines Datenvertrags ist und über den <see cref="T:System.Runtime.Serialization.DataContractSerializer" /> serialisierbar ist.</summary>
    </member>
    <member name="M:System.Runtime.Serialization.DataMemberAttribute.#ctor">
      <summary>Initialisiert eine neue Instanz der <see cref="T:System.Runtime.Serialization.DataMemberAttribute" />-Klasse. </summary>
    </member>
    <member name="P:System.Runtime.Serialization.DataMemberAttribute.EmitDefaultValue">
      <summary>Ruft einen Wert ab, der angibt, ob der Standardwert eines Felds oder einer Eigenschaft serialisiert werden soll, oder legt einen Wert fest. </summary>
      <returns>true, wenn der Standardwert für einen Member im Serialisierungsstream generiert werden sollte, andernfalls false.Die Standardeinstellung ist true.</returns>
    </member>
    <member name="P:System.Runtime.Serialization.DataMemberAttribute.IsNameSetExplicitly"></member>
    <member name="P:System.Runtime.Serialization.DataMemberAttribute.IsRequired">
      <summary>Ruft einen Wert auf, der das Serialisierungsmodul anweist, dass der Member beim Lesen oder Deserialisieren vorhanden sein muss, oder legt einen Wert fest.</summary>
      <returns>true, wenn der Member erforderlich ist, andernfalls false.</returns>
      <exception cref="T:System.Runtime.Serialization.SerializationException">die Memberfunktion ist nicht vorhanden.</exception>
    </member>
    <member name="P:System.Runtime.Serialization.DataMemberAttribute.Name">
      <summary>Ruft einen Datenmembernamen ab oder legt diesen fest. </summary>
      <returns>Der Name des Datenmembers.Der Standardwert ist der Name des Ziels, auf das das Attribut angewendet wird.</returns>
    </member>
    <member name="P:System.Runtime.Serialization.DataMemberAttribute.Order">
      <summary>Ruft die Reihenfolge der Serialisierung und Deserialisierung eines Members ab oder legt diese fest.</summary>
      <returns>Die numerische Reihenfolge der Serialisierung oder Deserialisierung.</returns>
    </member>
    <member name="T:System.Runtime.Serialization.EnumMemberAttribute">
      <summary>Gibt an, dass das Feld ein Enumerationsmember ist und serialisiert werden sollte.</summary>
    </member>
    <member name="M:System.Runtime.Serialization.EnumMemberAttribute.#ctor">
      <summary>Initialisiert eine neue Instanz der <see cref="T:System.Runtime.Serialization.EnumMemberAttribute" />-Klasse. </summary>
    </member>
    <member name="P:System.Runtime.Serialization.EnumMemberAttribute.IsValueSetExplicitly"></member>
    <member name="P:System.Runtime.Serialization.EnumMemberAttribute.Value">
      <summary>Ruft den Wert ab, der dem Enumerationsmember, auf den das Attribut angewendet wird, zugeordnet ist, oder legt ihn fest. </summary>
      <returns>Der dem Enumerationsmember zugeordnete Wert.</returns>
    </member>
    <member name="T:System.Runtime.Serialization.IgnoreDataMemberAttribute">
      <summary>Gibt bei Anwendung auf den Member eines Typs an, dass der Member nicht Teil eines Datenvertrags und nicht serialisiert ist.</summary>
    </member>
    <member name="M:System.Runtime.Serialization.IgnoreDataMemberAttribute.#ctor">
      <summary>Initialisiert eine neue Instanz der <see cref="T:System.Runtime.Serialization.IgnoreDataMemberAttribute" />-Klasse. </summary>
    </member>
    <member name="T:System.Runtime.Serialization.InvalidDataContractException">
      <summary>Die Ausnahme, die ausgelöst wird, wenn der <see cref="T:System.Runtime.Serialization.DataContractSerializer" /> oder der <see cref="T:System.Runtime.Serialization.NetDataContractSerializer" /> bei der Serialisierung oder Deserialisierung auf einen ungültigen Datenvertrag trifft. </summary>
    </member>
    <member name="M:System.Runtime.Serialization.InvalidDataContractException.#ctor">
      <summary>Initialisiert eine neue Instanz der <see cref="T:System.Runtime.Serialization.InvalidDataContractException" />-Klasse.  </summary>
    </member>
    <member name="M:System.Runtime.Serialization.InvalidDataContractException.#ctor(System.String)">
      <summary>Initialisiert eine neue Instanz der <see cref="T:System.Runtime.Serialization.InvalidDataContractException" />-Klasse mit der angegebenen Fehlermeldung. </summary>
      <param name="message">Eine Beschreibung des Fehlers. </param>
    </member>
    <member name="M:System.Runtime.Serialization.InvalidDataContractException.#ctor(System.String,System.Exception)">
      <summary>Initialisiert eine neue Instanz der <see cref="T:System.Runtime.Serialization.InvalidDataContractException" />-Klasse mit der angegebenen Fehlermeldung und der angegebenen internen Ausnahme. </summary>
      <param name="message">Eine Beschreibung des Fehlers. </param>
      <param name="innerException">Der ursprüngliche <see cref="T:System.Exception" />. </param>
    </member>
    <member name="T:System.Runtime.Serialization.KnownTypeAttribute">
      <summary>Gibt Typen an, die vom <see cref="T:System.Runtime.Serialization.DataContractSerializer" /> beim Serialisieren oder Deserialisieren eines bestimmten Typs erkannt werden sollen. </summary>
    </member>
    <member name="M:System.Runtime.Serialization.KnownTypeAttribute.#ctor(System.String)">
      <summary>Initialisiert eine neue Instanz der <see cref="T:System.Runtime.Serialization.KnownTypeAttribute" />-Klasse mit dem Namen einer Methode, die einen <see cref="T:System.Collections.IEnumerable" /> bekannter Typen zurückgibt. </summary>
      <param name="methodName">Der Name der Methode, die einen <see cref="T:System.Collections.IEnumerable" /> von Typen zurückgibt, die bei der Serialisierung oder Deserialisierung von Daten verwendet werden.</param>
    </member>
    <member name="M:System.Runtime.Serialization.KnownTypeAttribute.#ctor(System.Type)">
      <summary>Initialisiert eine neue Instanz der <see cref="T:System.Runtime.Serialization.KnownTypeAttribute" />-Klasse mit dem angegebenen Typ. </summary>
      <param name="type">Der <see cref="T:System.Type" />, der bei der Serialisierung oder Deserialisierung von Daten als bekannter Typ enthalten ist.</param>
    </member>
    <member name="P:System.Runtime.Serialization.KnownTypeAttribute.MethodName">
      <summary>Ruft den Namen einer Methode ab, die eine Liste von Typen zurückgibt, die bei der Serialisierung oder Deserialisierung erkannt werden sollen. </summary>
      <returns>Ein <see cref="T:System.String" />, der den Namen der Methode für den von der <see cref="T:System.Runtime.Serialization.KnownTypeAttribute" />-Klasse definierten Typ enthält. </returns>
    </member>
    <member name="P:System.Runtime.Serialization.KnownTypeAttribute.Type">
      <summary>Ruft den Typ ab, der bei der Serialisierung oder Deserialisierung vom <see cref="T:System.Runtime.Serialization.DataContractSerializer" /> erkannt werden soll. </summary>
      <returns>Der <see cref="T:System.Type" />, der bei der Serialisierung oder Deserialisierung verwendet wird. </returns>
    </member>
    <member name="T:System.Runtime.Serialization.OnDeserializedAttribute">
      <summary>Gibt bei Anwendung auf eine Methode an, dass die Methode sofort nach der Serialisierung eines Objektgraphs in ein Objektdiagramm aufgerufen wird.Die Reihenfolge der Deserialisierung relativ zu anderen Objekten im Diagramm ist nicht deterministisch.</summary>
    </member>
    <member name="M:System.Runtime.Serialization.OnDeserializedAttribute.#ctor">
      <summary>Initialisiert eine neue Instanz der <see cref="T:System.Runtime.Serialization.OnDeserializedAttribute" />-Klasse. </summary>
    </member>
    <member name="T:System.Runtime.Serialization.OnDeserializingAttribute">
      <summary>Gibt bei Anwendung auf eine Methode an, dass die Methode während der Deserialisierung eines Objekts in ein Objektdiagramm aufgerufen wird.Die Reihenfolge der Deserialisierung relativ zu anderen Objekten im Diagramm ist nicht deterministisch.</summary>
    </member>
    <member name="M:System.Runtime.Serialization.OnDeserializingAttribute.#ctor">
      <summary>Initialisiert eine neue Instanz der <see cref="T:System.Runtime.Serialization.OnDeserializingAttribute" />-Klasse. </summary>
    </member>
    <member name="T:System.Runtime.Serialization.OnSerializedAttribute">
      <summary>Gibt bei Anwendung auf eine Methode an, dass die Methode nach der Serialisierung eines Objektgraphs in ein Objektdiagramm aufgerufen wird.Die Reihenfolge der Serialisierung relativ zu anderen Objekten im Diagramm ist nicht deterministisch.</summary>
    </member>
    <member name="M:System.Runtime.Serialization.OnSerializedAttribute.#ctor">
      <summary>Initialisiert eine neue Instanz der <see cref="T:System.Runtime.Serialization.OnSerializedAttribute" />-Klasse. </summary>
    </member>
    <member name="T:System.Runtime.Serialization.OnSerializingAttribute">
      <summary>Gibt bei Anwendung auf eine Methode an, dass die Methode während der Serialisierung eines Objektgraphs in ein Objektdiagramm aufgerufen wird.Die Reihenfolge der Serialisierung relativ zu anderen Objekten im Diagramm ist nicht deterministisch.</summary>
    </member>
    <member name="M:System.Runtime.Serialization.OnSerializingAttribute.#ctor">
      <summary>Initialisiert eine neue Instanz der <see cref="T:System.Runtime.Serialization.OnSerializingAttribute" />-Klasse. </summary>
    </member>
    <member name="T:System.Runtime.Serialization.SerializationException">
      <summary>Die Ausnahme, die ausgelöst wird, wenn während der Serialisierung oder Deserialisierung ein Fehler auftritt.</summary>
    </member>
    <member name="M:System.Runtime.Serialization.SerializationException.#ctor">
      <summary>Initialisiert eine neue Instanz der <see cref="T:System.Runtime.Serialization.SerializationException" />-Klasse mit Standardeigenschaften.</summary>
    </member>
    <member name="M:System.Runtime.Serialization.SerializationException.#ctor(System.String)">
      <summary>Initialisiert eine neue Instanz der <see cref="T:System.Runtime.Serialization.SerializationException" />-Klasse mit einer angegebenen Meldung.</summary>
      <param name="message">Gibt die Ursache für das Auftreten der Ausnahme an. </param>
    </member>
    <member name="M:System.Runtime.Serialization.SerializationException.#ctor(System.String,System.Exception)">
      <summary>Initialisiert eine neue Instanz der <see cref="T:System.Runtime.Serialization.SerializationException" />-Klasse mit einer angegebenen Fehlermeldung und einem Verweis auf die innere Ausnahme, die diese Ausnahme ausgelöst hat.</summary>
      <param name="message">Die Fehlermeldung, in der die Ursache der Ausnahme erklärt wird. </param>
      <param name="innerException">Die Ausnahme, die die Ursache der aktuellen Ausnahme ist.Wenn der <paramref name="innerException" />-Parameter nicht null ist, wird die aktuelle Ausnahme in einem catch-Block ausgelöst, der die innere Ausnahme behandelt.</param>
    </member>
    <member name="T:System.Runtime.Serialization.StreamingContext">
      <summary>Beschreibt die Quelle und das Ziel eines angegebenen serialisierten Streams und stellt einen zusätzlichen aufruferdefinierten Kontext bereit.</summary>
    </member>
    <member name="M:System.Runtime.Serialization.StreamingContext.Equals(System.Object)">
      <summary>Bestimmt, ob zwei <see cref="T:System.Runtime.Serialization.StreamingContext" />-Instanzen den gleichen Wert enthalten.</summary>
      <returns>true, wenn das angegebene Objekt eine Instanz von <see cref="T:System.Runtime.Serialization.StreamingContext" /> und gleich dem Wert der aktuellen Instanz ist, andernfalls false.</returns>
      <param name="obj">Ein Objekt, das mit der aktuellen Instanz verglichen werden soll. </param>
    </member>
    <member name="M:System.Runtime.Serialization.StreamingContext.GetHashCode">
      <summary>Gibt einen Hashcode dieses Objekts zurück.</summary>
      <returns>Der <see cref="T:System.Runtime.Serialization.StreamingContextStates" />-Wert, der die Quelle oder das Ziel der Serialisierung für diesen <see cref="T:System.Runtime.Serialization.StreamingContext" /> enthält.</returns>
    </member>
  </members>
</doc>